student_id,student_name,grade,section,region,enrollment_date,parent_contact,email,attendance_percentage
1000,Vihaan Sharma,Grade 6,A,East Delhi,2025-04-03,9339670711,student1000@dumroo.edu,79
1001,Vihaan Mittal,Grade 6,A,North Delhi,2024-10-08,9553035110,student1001@dumroo.edu,76
1002,Aarav Verma,Grade 6,A,South Delhi,2025-04-09,9642621108,student1002@dumroo.edu,94
1003,Aarav Mittal,Grade 6,A,South Delhi,2024-09-08,9853041955,student1003@dumroo.edu,92
1004,Pihu Singh,Grade 6,A,West Delhi,2024-10-09,9398704996,student1004@dumroo.edu,75
1005,Reyansh Jain,Grade 6,A,East Delhi,2025-03-17,9266944844,student1005@dumroo.edu,81
1006,Anaya Verma,Grade 6,A,North Delhi,2025-01-24,9203848421,student1006@dumroo.edu,86
1007,Aadhya Saxena,Grade 6,A,East Delhi,2025-07-15,9883543540,student1007@dumroo.edu,89
1008,Anvi Verma,Grade 6,A,West Delhi,2025-06-27,9692749116,student1008@dumroo.edu,84
1009,Khushi Agarwal,Grade 6,A,Central Delhi,2025-04-30,9856528252,student1009@dumroo.edu,77
1010,Vivaan Singh,Grade 6,A,East Delhi,2025-06-27,9349957310,student1010@dumroo.edu,78
1011,Diya Kumar,Grade 6,A,West Delhi,2024-09-15,9995619255,student1011@dumroo.edu,86
1012,Reyansh Agarwal,Grade 6,A,East Delhi,2025-04-21,9819595113,student1012@dumroo.edu,83
1013,Aditya Saxena,Grade 6,A,South Delhi,2024-11-06,9882893941,student1013@dumroo.edu,82
1014,Reyansh Bansal,Grade 6,A,West Delhi,2025-03-21,9787194506,student1014@dumroo.edu,97
1015,Anvi Singh,Grade 6,A,East Delhi,2025-07-09,9345938494,student1015@dumroo.edu,76
1016,Anaya Jain,Grade 6,A,East Delhi,2025-07-04,9326541099,student1016@dumroo.edu,93
1017,Anaya Singh,Grade 6,A,West Delhi,2025-01-16,9790256940,student1017@dumroo.edu,89
1018,Arjun Kumar,Grade 6,A,South Delhi,2025-04-02,9899925830,student1018@dumroo.edu,92
1019,Anvi Kumar,Grade 6,A,Central Delhi,2024-12-30,9726563708,student1019@dumroo.edu,87
1020,Aadhya Singh,Grade 6,A,South Delhi,2024-11-19,9629908599,student1020@dumroo.edu,77
1021,Vivaan Verma,Grade 6,A,South Delhi,2024-09-19,9271779360,student1021@dumroo.edu,96
1022,Pihu Saxena,Grade 6,A,North Delhi,2025-01-21,9509760584,student1022@dumroo.edu,94
1023,Prisha Mittal,Grade 6,A,East Delhi,2024-10-27,9112327652,student1023@dumroo.edu,96
1024,Vihaan Mittal,Grade 6,A,East Delhi,2024-09-12,9465260635,student1024@dumroo.edu,78
1025,Shaurya Jain,Grade 6,A,South Delhi,2024-12-17,9103484630,student1025@dumroo.edu,98
1026,Ishaan Mittal,Grade 6,A,South Delhi,2024-11-20,9214257751,student1026@dumroo.edu,95
1027,Shaurya Mittal,Grade 6,A,Central Delhi,2025-04-27,9264109919,student1027@dumroo.edu,86
1028,Reyansh Mittal,Grade 6,A,Central Delhi,2025-08-06,9743111853,student1028@dumroo.edu,85
1029,Inaya Sharma,Grade 6,A,North Delhi,2025-02-02,9992994062,student1029@dumroo.edu,84
1030,Vivaan Singh,Grade 6,B,Central Delhi,2025-06-27,9191969690,student1030@dumroo.edu,98
1031,Inaya Verma,Grade 6,B,Central Delhi,2025-06-03,9237859287,student1031@dumroo.edu,96
1032,Inaya Mittal,Grade 6,B,South Delhi,2025-03-24,9666585408,student1032@dumroo.edu,94
1033,Pihu Singh,Grade 6,B,Central Delhi,2025-04-26,9865523129,student1033@dumroo.edu,84
1034,Diya Agarwal,Grade 6,B,West Delhi,2024-11-15,9584779555,student1034@dumroo.edu,78
1035,Krishna Singh,Grade 6,B,North Delhi,2025-02-14,9122585366,student1035@dumroo.edu,93
1036,Anvi Singh,Grade 6,B,Central Delhi,2025-04-16,9107721109,student1036@dumroo.edu,77
1037,Vivaan Singh,Grade 6,B,North Delhi,2025-07-21,9454794895,student1037@dumroo.edu,77
1038,Riya Singh,Grade 6,B,East Delhi,2024-12-01,9330035022,student1038@dumroo.edu,92
1039,Arjun Saxena,Grade 6,B,Central Delhi,2024-12-07,9360916298,student1039@dumroo.edu,90
1040,Pihu Singh,Grade 6,B,North Delhi,2025-06-18,9807577342,student1040@dumroo.edu,88
1041,Aadhya Jain,Grade 6,B,West Delhi,2024-12-10,9882839238,student1041@dumroo.edu,76
1042,Vihaan Sharma,Grade 6,B,West Delhi,2025-02-14,9959629660,student1042@dumroo.edu,78
1043,Krishna Singh,Grade 6,B,South Delhi,2024-11-05,9581695135,student1043@dumroo.edu,79
1044,Pihu Gupta,Grade 6,B,East Delhi,2024-12-13,9368227631,student1044@dumroo.edu,77
1045,Prisha Mittal,Grade 6,B,North Delhi,2025-07-12,9800235246,student1045@dumroo.edu,92
1046,Aarav Verma,Grade 6,B,South Delhi,2025-05-13,9536383774,student1046@dumroo.edu,90
1047,Inaya Singh,Grade 6,B,West Delhi,2025-07-07,9276777762,student1047@dumroo.edu,87
1048,Aarav Jain,Grade 6,B,East Delhi,2024-12-17,9406284028,student1048@dumroo.edu,88
1049,Anvi Bansal,Grade 6,B,South Delhi,2025-05-01,9418587604,student1049@dumroo.edu,81
1050,Vivaan Saxena,Grade 6,B,Central Delhi,2025-07-06,9903132646,student1050@dumroo.edu,85
1051,Vivaan Sharma,Grade 6,B,Central Delhi,2024-12-05,9639931481,student1051@dumroo.edu,91
1052,Reyansh Sharma,Grade 6,B,Central Delhi,2025-06-26,9299528037,student1052@dumroo.edu,77
1053,Khushi Verma,Grade 6,B,South Delhi,2025-01-12,9228727266,student1053@dumroo.edu,93
1054,Krishna Saxena,Grade 6,B,Central Delhi,2025-07-17,9765055833,student1054@dumroo.edu,77
1055,Pihu Saxena,Grade 6,B,Central Delhi,2024-11-12,9439699535,student1055@dumroo.edu,83
1056,Anaya Singh,Grade 6,C,East Delhi,2025-01-16,9240529481,student1056@dumroo.edu,96
1057,Shaurya Bansal,Grade 6,C,East Delhi,2025-06-30,9110002396,student1057@dumroo.edu,89
1058,Khushi Saxena,Grade 6,C,North Delhi,2025-06-30,9677280546,student1058@dumroo.edu,81
1059,Riya Kumar,Grade 6,C,South Delhi,2025-02-09,9173864104,student1059@dumroo.edu,82
1060,Aadhya Kumar,Grade 6,C,South Delhi,2024-12-25,9995226828,student1060@dumroo.edu,92
1061,Shaurya Saxena,Grade 6,C,Central Delhi,2025-08-02,9817112652,student1061@dumroo.edu,92
1062,Shaurya Verma,Grade 6,C,South Delhi,2025-03-24,9223940587,student1062@dumroo.edu,78
1063,Anvi Gupta,Grade 6,C,East Delhi,2025-03-15,9749431082,student1063@dumroo.edu,81
1064,Anaya Singh,Grade 6,C,East Delhi,2024-11-21,9624557080,student1064@dumroo.edu,83
1065,Vivaan Verma,Grade 6,C,West Delhi,2025-03-18,9147337803,student1065@dumroo.edu,75
1066,Anaya Gupta,Grade 6,C,East Delhi,2025-05-16,9895890631,student1066@dumroo.edu,89
1067,Anvi Jain,Grade 6,C,Central Delhi,2025-08-02,9220123666,student1067@dumroo.edu,77
1068,Arjun Mittal,Grade 6,C,North Delhi,2025-01-29,9725464884,student1068@dumroo.edu,92
1069,Arjun Jain,Grade 6,C,South Delhi,2025-07-16,9430989881,student1069@dumroo.edu,86
1070,Vivaan Agarwal,Grade 6,C,South Delhi,2025-04-01,9816114302,student1070@dumroo.edu,78
1071,Aadhya Mittal,Grade 6,C,West Delhi,2024-09-23,9904745462,student1071@dumroo.edu,79
1072,Krishna Gupta,Grade 6,C,South Delhi,2025-01-07,9126614158,student1072@dumroo.edu,80
1073,Anaya Jain,Grade 6,C,South Delhi,2025-03-23,9270937380,student1073@dumroo.edu,97
1074,Vihaan Jain,Grade 6,C,North Delhi,2024-12-09,9338836384,student1074@dumroo.edu,81
1075,Prisha Agarwal,Grade 6,C,East Delhi,2025-04-12,9339362341,student1075@dumroo.edu,75
1076,Ayaan Jain,Grade 6,C,East Delhi,2025-03-17,9174539964,student1076@dumroo.edu,83
1077,Aadhya Mittal,Grade 6,C,West Delhi,2024-11-05,9455569462,student1077@dumroo.edu,75
1078,Vihaan Kumar,Grade 6,C,South Delhi,2024-10-13,9385042337,student1078@dumroo.edu,76
1079,Vihaan Saxena,Grade 6,C,West Delhi,2025-02-11,9882269302,student1079@dumroo.edu,85
1080,Pihu Saxena,Grade 6,C,Central Delhi,2025-06-08,9513600440,student1080@dumroo.edu,93
1081,Ayaan Kumar,Grade 6,C,North Delhi,2024-12-26,9101815992,student1081@dumroo.edu,91
1082,Ayaan Agarwal,Grade 7,A,West Delhi,2025-07-02,9813219781,student1082@dumroo.edu,85
1083,Khushi Agarwal,Grade 7,A,North Delhi,2025-03-06,9644518647,student1083@dumroo.edu,84
1084,Pihu Agarwal,Grade 7,A,West Delhi,2025-03-08,9695295870,student1084@dumroo.edu,79
1085,Ayaan Jain,Grade 7,A,West Delhi,2025-05-09,9760904107,student1085@dumroo.edu,93
1086,Shaurya Jain,Grade 7,A,Central Delhi,2025-08-06,9426283245,student1086@dumroo.edu,84
1087,Ayaan Jain,Grade 7,A,Central Delhi,2024-09-30,9802984810,student1087@dumroo.edu,85
1088,Prisha Bansal,Grade 7,A,West Delhi,2025-04-19,9648868899,student1088@dumroo.edu,90
1089,Reyansh Verma,Grade 7,A,East Delhi,2024-11-16,9812807629,student1089@dumroo.edu,95
1090,Khushi Agarwal,Grade 7,A,North Delhi,2025-04-08,9822408848,student1090@dumroo.edu,84
1091,Krishna Singh,Grade 7,A,South Delhi,2025-07-25,9149621604,student1091@dumroo.edu,82
1092,Inaya Saxena,Grade 7,A,North Delhi,2024-12-16,9545002643,student1092@dumroo.edu,95
1093,Kavya Singh,Grade 7,A,West Delhi,2024-11-26,9529123992,student1093@dumroo.edu,82
1094,Arjun Sharma,Grade 7,A,North Delhi,2025-01-01,9334978881,student1094@dumroo.edu,80
1095,Riya Bansal,Grade 7,A,North Delhi,2024-10-25,9367574609,student1095@dumroo.edu,78
1096,Prisha Gupta,Grade 7,A,West Delhi,2024-11-08,9700141462,student1096@dumroo.edu,94
1097,Anaya Bansal,Grade 7,A,Central Delhi,2024-11-21,9558209399,student1097@dumroo.edu,92
1098,Prisha Gupta,Grade 7,A,West Delhi,2024-12-19,9378304807,student1098@dumroo.edu,82
1099,Ishaan Mittal,Grade 7,A,West Delhi,2024-09-20,9356888294,student1099@dumroo.edu,83
1100,Prisha Verma,Grade 7,A,East Delhi,2025-04-08,9391751878,student1100@dumroo.edu,85
1101,Anaya Mittal,Grade 7,A,North Delhi,2025-05-28,9261953189,student1101@dumroo.edu,82
1102,Diya Gupta,Grade 7,A,South Delhi,2025-07-05,9545461013,student1102@dumroo.edu,88
1103,Anaya Mittal,Grade 7,A,West Delhi,2025-01-06,9166857303,student1103@dumroo.edu,81
1104,Pihu Jain,Grade 7,A,Central Delhi,2025-07-27,9922050912,student1104@dumroo.edu,93
1105,Diya Bansal,Grade 7,A,North Delhi,2025-02-07,9420632895,student1105@dumroo.edu,87
1106,Pihu Mittal,Grade 7,A,Central Delhi,2024-10-02,9336801619,student1106@dumroo.edu,90
1107,Krishna Kumar,Grade 7,A,West Delhi,2024-12-01,9131165166,student1107@dumroo.edu,87
1108,Anaya Jain,Grade 7,A,South Delhi,2024-12-10,9237039296,student1108@dumroo.edu,94
1109,Anvi Sharma,Grade 7,A,West Delhi,2024-10-07,9706011277,student1109@dumroo.edu,96
1110,Aarav Verma,Grade 7,A,West Delhi,2025-05-29,9595744935,student1110@dumroo.edu,80
1111,Ishaan Jain,Grade 7,B,East Delhi,2025-04-20,9588229686,student1111@dumroo.edu,85
1112,Anaya Jain,Grade 7,B,East Delhi,2025-01-03,9370874491,student1112@dumroo.edu,77
1113,Inaya Sharma,Grade 7,B,Central Delhi,2025-07-11,9475767056,student1113@dumroo.edu,82
1114,Aditya Sharma,Grade 7,B,North Delhi,2025-04-02,9314061901,student1114@dumroo.edu,75
1115,Khushi Gupta,Grade 7,B,South Delhi,2025-06-03,9608482316,student1115@dumroo.edu,96
1116,Vihaan Saxena,Grade 7,B,South Delhi,2024-12-11,9851044796,student1116@dumroo.edu,83
1117,Aadhya Gupta,Grade 7,B,Central Delhi,2024-09-30,9903079055,student1117@dumroo.edu,97
1118,Vihaan Gupta,Grade 7,B,East Delhi,2025-06-12,9721358005,student1118@dumroo.edu,75
1119,Shaurya Saxena,Grade 7,B,West Delhi,2025-01-15,9867741192,student1119@dumroo.edu,81
1120,Aditya Saxena,Grade 7,B,South Delhi,2025-06-15,9848605284,student1120@dumroo.edu,84
1121,Khushi Verma,Grade 7,B,Central Delhi,2025-07-16,9472807202,student1121@dumroo.edu,92
1122,Pihu Agarwal,Grade 7,B,North Delhi,2024-11-20,9795294275,student1122@dumroo.edu,85
1123,Aarav Jain,Grade 7,B,West Delhi,2025-06-13,9565492204,student1123@dumroo.edu,86
1124,Prisha Gupta,Grade 7,B,West Delhi,2025-05-08,9887906704,student1124@dumroo.edu,91
1125,Ishaan Saxena,Grade 7,B,Central Delhi,2024-12-02,9599154414,student1125@dumroo.edu,88
1126,Kavya Kumar,Grade 7,B,East Delhi,2025-04-03,9991990632,student1126@dumroo.edu,77
1127,Ishaan Bansal,Grade 7,B,South Delhi,2024-12-12,9711871397,student1127@dumroo.edu,94
1128,Diya Agarwal,Grade 7,B,North Delhi,2024-11-26,9448981305,student1128@dumroo.edu,80
1129,Inaya Singh,Grade 7,B,East Delhi,2025-03-27,9465436049,student1129@dumroo.edu,83
1130,Khushi Kumar,Grade 7,B,Central Delhi,2025-08-01,9654724287,student1130@dumroo.edu,81
1131,Aditya Singh,Grade 7,B,West Delhi,2024-11-29,9696115913,student1131@dumroo.edu,82
1132,Inaya Bansal,Grade 7,B,West Delhi,2025-07-29,9199915275,student1132@dumroo.edu,84
1133,Krishna Jain,Grade 7,B,South Delhi,2025-03-03,9812921644,student1133@dumroo.edu,93
1134,Aadhya Bansal,Grade 7,B,Central Delhi,2024-11-08,9469106688,student1134@dumroo.edu,88
1135,Anvi Agarwal,Grade 7,B,East Delhi,2024-12-17,9390894296,student1135@dumroo.edu,84
1136,Krishna Verma,Grade 7,C,South Delhi,2025-02-26,9228370927,student1136@dumroo.edu,98
1137,Anvi Gupta,Grade 7,C,South Delhi,2025-04-18,9893070706,student1137@dumroo.edu,90
1138,Ishaan Saxena,Grade 7,C,Central Delhi,2024-10-05,9403867539,student1138@dumroo.edu,78
1139,Ayaan Kumar,Grade 7,C,South Delhi,2025-02-03,9292673892,student1139@dumroo.edu,84
1140,Aarav Mittal,Grade 7,C,South Delhi,2025-03-19,9148872110,student1140@dumroo.edu,76
1141,Anvi Kumar,Grade 7,C,South Delhi,2024-09-14,9908304440,student1141@dumroo.edu,90
1142,Vihaan Sharma,Grade 7,C,Central Delhi,2025-03-14,9604011128,student1142@dumroo.edu,90
1143,Prisha Agarwal,Grade 7,C,South Delhi,2025-07-11,9371096600,student1143@dumroo.edu,90
1144,Vihaan Verma,Grade 7,C,West Delhi,2024-11-28,9179545125,student1144@dumroo.edu,93
1145,Vivaan Gupta,Grade 7,C,South Delhi,2024-10-22,9426240903,student1145@dumroo.edu,77
1146,Krishna Verma,Grade 7,C,Central Delhi,2025-01-05,9751028618,student1146@dumroo.edu,94
1147,Khushi Singh,Grade 7,C,Central Delhi,2025-01-24,9583736219,student1147@dumroo.edu,89
1148,Shaurya Saxena,Grade 7,C,West Delhi,2025-03-03,9710561240,student1148@dumroo.edu,94
1149,Vivaan Saxena,Grade 7,C,North Delhi,2025-04-22,9771641650,student1149@dumroo.edu,81
1150,Ishaan Verma,Grade 7,C,South Delhi,2025-04-06,9286630878,student1150@dumroo.edu,92
1151,Aditya Gupta,Grade 7,C,North Delhi,2025-01-09,9583724666,student1151@dumroo.edu,97
1152,Khushi Bansal,Grade 7,C,East Delhi,2025-07-21,9348545713,student1152@dumroo.edu,84
1153,Shaurya Bansal,Grade 7,C,North Delhi,2025-04-09,9384063364,student1153@dumroo.edu,95
1154,Kavya Singh,Grade 7,C,West Delhi,2025-06-09,9684719405,student1154@dumroo.edu,82
1155,Arjun Kumar,Grade 7,C,South Delhi,2025-07-01,9164035859,student1155@dumroo.edu,80
1156,Shaurya Saxena,Grade 7,C,Central Delhi,2025-03-12,9571537429,student1156@dumroo.edu,78
1157,Prisha Kumar,Grade 7,C,West Delhi,2025-03-20,9637377910,student1157@dumroo.edu,92
1158,Inaya Bansal,Grade 7,C,North Delhi,2024-10-04,9142800191,student1158@dumroo.edu,88
1159,Anaya Saxena,Grade 7,C,East Delhi,2025-07-24,9198061499,student1159@dumroo.edu,82
1160,Kavya Saxena,Grade 7,C,North Delhi,2025-03-22,9718740490,student1160@dumroo.edu,76
1161,Reyansh Bansal,Grade 7,C,Central Delhi,2024-09-07,9574840200,student1161@dumroo.edu,83
1162,Reyansh Saxena,Grade 7,C,West Delhi,2024-09-15,9974288855,student1162@dumroo.edu,90
1163,Inaya Agarwal,Grade 8,A,West Delhi,2025-02-17,9444733679,student1163@dumroo.edu,96
1164,Vihaan Gupta,Grade 8,A,East Delhi,2025-01-08,9844826434,student1164@dumroo.edu,90
1165,Shaurya Jain,Grade 8,A,Central Delhi,2025-07-19,9588365604,student1165@dumroo.edu,77
1166,Anaya Kumar,Grade 8,A,East Delhi,2025-06-08,9929517022,student1166@dumroo.edu,87
1167,Riya Sharma,Grade 8,A,Central Delhi,2024-12-13,9543721204,student1167@dumroo.edu,76
1168,Ayaan Mittal,Grade 8,A,East Delhi,2024-09-22,9912224654,student1168@dumroo.edu,90
1169,Prisha Sharma,Grade 8,A,South Delhi,2025-03-23,9689720101,student1169@dumroo.edu,79
1170,Shaurya Bansal,Grade 8,A,West Delhi,2025-06-05,9130998324,student1170@dumroo.edu,95
1171,Khushi Singh,Grade 8,A,South Delhi,2025-02-28,9691458887,student1171@dumroo.edu,75
1172,Anvi Jain,Grade 8,A,North Delhi,2025-04-13,9221827951,student1172@dumroo.edu,89
1173,Vihaan Gupta,Grade 8,A,West Delhi,2025-03-10,9646397165,student1173@dumroo.edu,97
1174,Ishaan Jain,Grade 8,A,West Delhi,2024-12-08,9361704064,student1174@dumroo.edu,89
1175,Anvi Gupta,Grade 8,A,West Delhi,2025-05-01,9743576792,student1175@dumroo.edu,91
1176,Arjun Verma,Grade 8,A,East Delhi,2025-01-06,9464938258,student1176@dumroo.edu,91
1177,Ishaan Sharma,Grade 8,A,East Delhi,2025-03-07,9999232921,student1177@dumroo.edu,93
1178,Kavya Bansal,Grade 8,A,South Delhi,2024-12-21,9678296492,student1178@dumroo.edu,90
1179,Aadhya Agarwal,Grade 8,A,Central Delhi,2024-11-01,9505026213,student1179@dumroo.edu,89
1180,Anaya Singh,Grade 8,A,South Delhi,2024-10-18,9511211819,student1180@dumroo.edu,82
1181,Pihu Sharma,Grade 8,A,East Delhi,2024-12-07,9857232668,student1181@dumroo.edu,87
1182,Diya Gupta,Grade 8,A,West Delhi,2025-07-19,9235555899,student1182@dumroo.edu,91
1183,Kavya Agarwal,Grade 8,A,North Delhi,2024-12-24,9207064620,student1183@dumroo.edu,91
1184,Prisha Sharma,Grade 8,A,South Delhi,2025-01-09,9803066091,student1184@dumroo.edu,79
1185,Aditya Bansal,Grade 8,A,East Delhi,2025-02-14,9769219685,student1185@dumroo.edu,97
1186,Diya Verma,Grade 8,A,East Delhi,2024-11-06,9508031980,student1186@dumroo.edu,85
1187,Inaya Mittal,Grade 8,A,North Delhi,2024-09-24,9173466219,student1187@dumroo.edu,82
1188,Shaurya Singh,Grade 8,B,North Delhi,2024-12-27,9205702499,student1188@dumroo.edu,95
1189,Vihaan Bansal,Grade 8,B,South Delhi,2025-03-06,9131081879,student1189@dumroo.edu,76
1190,Anaya Sharma,Grade 8,B,East Delhi,2025-02-04,9502482554,student1190@dumroo.edu,88
1191,Arjun Singh,Grade 8,B,Central Delhi,2025-01-08,9707660630,student1191@dumroo.edu,96
1192,Reyansh Gupta,Grade 8,B,South Delhi,2025-06-27,9754436820,student1192@dumroo.edu,87
1193,Khushi Singh,Grade 8,B,West Delhi,2024-10-12,9253671484,student1193@dumroo.edu,82
1194,Prisha Kumar,Grade 8,B,West Delhi,2025-03-29,9816014770,student1194@dumroo.edu,75
1195,Prisha Kumar,Grade 8,B,Central Delhi,2025-05-18,9179308612,student1195@dumroo.edu,89
1196,Aadhya Saxena,Grade 8,B,East Delhi,2024-09-13,9555598254,student1196@dumroo.edu,97
1197,Ishaan Bansal,Grade 8,B,East Delhi,2025-04-27,9513061224,student1197@dumroo.edu,90
1198,Vihaan Singh,Grade 8,B,West Delhi,2024-10-18,9485429460,student1198@dumroo.edu,93
1199,Shaurya Kumar,Grade 8,B,North Delhi,2025-01-16,9394721069,student1199@dumroo.edu,75
1200,Kavya Sharma,Grade 8,B,Central Delhi,2024-11-25,9994253959,student1200@dumroo.edu,84
1201,Krishna Saxena,Grade 8,B,East Delhi,2025-04-16,9783563240,student1201@dumroo.edu,81
1202,Khushi Kumar,Grade 8,B,South Delhi,2024-09-19,9204328975,student1202@dumroo.edu,95
1203,Vivaan Kumar,Grade 8,B,West Delhi,2025-07-20,9722312633,student1203@dumroo.edu,86
1204,Arjun Verma,Grade 8,B,East Delhi,2025-02-20,9902601465,student1204@dumroo.edu,88
1205,Reyansh Singh,Grade 8,B,South Delhi,2024-11-03,9492836532,student1205@dumroo.edu,91
1206,Riya Kumar,Grade 8,B,South Delhi,2025-03-28,9985503942,student1206@dumroo.edu,90
1207,Shaurya Agarwal,Grade 8,B,North Delhi,2024-12-10,9180852074,student1207@dumroo.edu,79
1208,Krishna Jain,Grade 8,B,Central Delhi,2025-01-31,9196961971,student1208@dumroo.edu,87
1209,Aarav Kumar,Grade 8,B,Central Delhi,2025-06-04,9588322781,student1209@dumroo.edu,86
1210,Ishaan Saxena,Grade 8,B,West Delhi,2024-09-14,9498866784,student1210@dumroo.edu,78
1211,Krishna Bansal,Grade 8,B,North Delhi,2024-09-23,9702806585,student1211@dumroo.edu,85
1212,Khushi Singh,Grade 8,B,North Delhi,2024-09-15,9984607950,student1212@dumroo.edu,89
1213,Shaurya Jain,Grade 8,B,North Delhi,2025-05-27,9148690765,student1213@dumroo.edu,76
1214,Shaurya Bansal,Grade 8,B,North Delhi,2025-06-18,9352114611,student1214@dumroo.edu,92
1215,Arjun Jain,Grade 8,B,West Delhi,2025-01-29,9819929088,student1215@dumroo.edu,98
1216,Anvi Jain,Grade 8,B,Central Delhi,2025-05-19,9545478870,student1216@dumroo.edu,95
1217,Vihaan Bansal,Grade 8,B,Central Delhi,2025-01-10,9400368694,student1217@dumroo.edu,76
1218,Aadhya Singh,Grade 8,C,West Delhi,2024-12-22,9353524015,student1218@dumroo.edu,86
1219,Vihaan Agarwal,Grade 8,C,Central Delhi,2024-09-10,9485123110,student1219@dumroo.edu,76
1220,Diya Kumar,Grade 8,C,South Delhi,2025-06-05,9984968439,student1220@dumroo.edu,89
1221,Aditya Singh,Grade 8,C,Central Delhi,2025-07-27,9154308262,student1221@dumroo.edu,85
1222,Krishna Gupta,Grade 8,C,Central Delhi,2025-04-23,9173669588,student1222@dumroo.edu,92
1223,Ayaan Saxena,Grade 8,C,South Delhi,2025-04-09,9452788129,student1223@dumroo.edu,79
1224,Khushi Sharma,Grade 8,C,East Delhi,2025-05-24,9239577989,student1224@dumroo.edu,92
1225,Ishaan Gupta,Grade 8,C,North Delhi,2025-07-24,9241522640,student1225@dumroo.edu,75
1226,Aadhya Singh,Grade 8,C,Central Delhi,2025-02-22,9116944811,student1226@dumroo.edu,80
1227,Ishaan Sharma,Grade 8,C,South Delhi,2025-01-03,9664880035,student1227@dumroo.edu,78
1228,Aditya Bansal,Grade 8,C,West Delhi,2025-02-02,9651085057,student1228@dumroo.edu,93
1229,Vihaan Bansal,Grade 8,C,Central Delhi,2025-04-15,9760465943,student1229@dumroo.edu,76
1230,Riya Kumar,Grade 8,C,West Delhi,2024-09-11,9133447745,student1230@dumroo.edu,76
1231,Inaya Jain,Grade 8,C,West Delhi,2025-06-12,9626422169,student1231@dumroo.edu,97
1232,Prisha Verma,Grade 8,C,North Delhi,2025-02-23,9753154389,student1232@dumroo.edu,79
1233,Aditya Gupta,Grade 8,C,East Delhi,2024-09-21,9779760958,student1233@dumroo.edu,93
1234,Anvi Agarwal,Grade 8,C,West Delhi,2024-10-05,9669681065,student1234@dumroo.edu,84
1235,Prisha Mittal,Grade 8,C,Central Delhi,2024-12-29,9206492059,student1235@dumroo.edu,97
1236,Vihaan Mittal,Grade 8,C,South Delhi,2024-12-29,9584853393,student1236@dumroo.edu,82
1237,Pihu Agarwal,Grade 8,C,West Delhi,2025-01-14,9546665485,student1237@dumroo.edu,98
1238,Vihaan Agarwal,Grade 8,C,West Delhi,2025-02-27,9814154134,student1238@dumroo.edu,83
1239,Aadhya Gupta,Grade 8,C,West Delhi,2025-07-03,9197951867,student1239@dumroo.edu,77
1240,Aditya Jain,Grade 8,C,North Delhi,2025-01-28,9971630639,student1240@dumroo.edu,79
1241,Anvi Sharma,Grade 8,C,Central Delhi,2024-10-23,9703102938,student1241@dumroo.edu,85
1242,Vihaan Jain,Grade 8,C,East Delhi,2025-01-02,9874233009,student1242@dumroo.edu,76
1243,Shaurya Saxena,Grade 8,C,East Delhi,2025-02-07,9211240259,student1243@dumroo.edu,93
1244,Riya Singh,Grade 8,C,South Delhi,2024-12-03,9340781088,student1244@dumroo.edu,78
1245,Aadhya Mittal,Grade 8,C,East Delhi,2025-06-09,9918841563,student1245@dumroo.edu,83
1246,Kavya Singh,Grade 8,C,West Delhi,2024-10-23,9924024405,student1246@dumroo.edu,94
1247,Khushi Mittal,Grade 8,C,North Delhi,2024-09-29,9806340901,student1247@dumroo.edu,97
1248,Aarav Gupta,Grade 9,A,East Delhi,2025-03-01,9464883950,student1248@dumroo.edu,86
1249,Aarav Gupta,Grade 9,A,South Delhi,2024-10-21,9805818425,student1249@dumroo.edu,87
1250,Aditya Gupta,Grade 9,A,North Delhi,2025-06-21,9901131404,student1250@dumroo.edu,91
1251,Ayaan Jain,Grade 9,A,West Delhi,2024-12-17,9466034277,student1251@dumroo.edu,80
1252,Aadhya Kumar,Grade 9,A,East Delhi,2024-10-20,9740190407,student1252@dumroo.edu,77
1253,Vivaan Gupta,Grade 9,A,South Delhi,2024-09-24,9153432064,student1253@dumroo.edu,96
1254,Aditya Kumar,Grade 9,A,West Delhi,2025-01-01,9621475287,student1254@dumroo.edu,94
1255,Prisha Jain,Grade 9,A,East Delhi,2025-04-18,9910614025,student1255@dumroo.edu,91
1256,Vihaan Agarwal,Grade 9,A,West Delhi,2025-06-11,9404133583,student1256@dumroo.edu,96
1257,Kavya Bansal,Grade 9,A,Central Delhi,2025-03-02,9148766522,student1257@dumroo.edu,82
1258,Diya Saxena,Grade 9,A,North Delhi,2025-08-03,9319497661,student1258@dumroo.edu,84
1259,Ayaan Gupta,Grade 9,A,East Delhi,2025-03-11,9452318696,student1259@dumroo.edu,78
1260,Aarav Bansal,Grade 9,A,West Delhi,2025-05-09,9238712095,student1260@dumroo.edu,87
1261,Anvi Singh,Grade 9,A,Central Delhi,2024-10-24,9994807263,student1261@dumroo.edu,96
1262,Aadhya Verma,Grade 9,A,West Delhi,2025-07-16,9568387228,student1262@dumroo.edu,75
1263,Prisha Verma,Grade 9,A,East Delhi,2024-10-16,9560940492,student1263@dumroo.edu,93
1264,Diya Jain,Grade 9,A,East Delhi,2025-06-09,9534900128,student1264@dumroo.edu,75
1265,Anaya Gupta,Grade 9,A,Central Delhi,2024-12-14,9993381017,student1265@dumroo.edu,97
1266,Aadhya Verma,Grade 9,A,West Delhi,2025-06-13,9361259074,student1266@dumroo.edu,88
1267,Kavya Jain,Grade 9,A,Central Delhi,2025-06-27,9524951250,student1267@dumroo.edu,84
1268,Anaya Singh,Grade 9,A,East Delhi,2025-05-12,9182011731,student1268@dumroo.edu,91
1269,Vihaan Mittal,Grade 9,A,Central Delhi,2025-04-29,9933468715,student1269@dumroo.edu,86
1270,Aadhya Gupta,Grade 9,A,South Delhi,2025-06-15,9257243284,student1270@dumroo.edu,83
1271,Ayaan Gupta,Grade 9,A,Central Delhi,2025-05-20,9916274954,student1271@dumroo.edu,95
1272,Aditya Gupta,Grade 9,A,West Delhi,2024-12-12,9910080036,student1272@dumroo.edu,93
1273,Kavya Bansal,Grade 9,A,Central Delhi,2024-09-11,9782146375,student1273@dumroo.edu,94
1274,Anaya Agarwal,Grade 9,A,South Delhi,2024-12-24,9173321814,student1274@dumroo.edu,90
1275,Shaurya Kumar,Grade 9,B,Central Delhi,2025-07-09,9477895080,student1275@dumroo.edu,91
1276,Aditya Kumar,Grade 9,B,West Delhi,2024-12-18,9140380477,student1276@dumroo.edu,76
1277,Aadhya Kumar,Grade 9,B,North Delhi,2024-09-10,9196955134,student1277@dumroo.edu,94
1278,Khushi Mittal,Grade 9,B,West Delhi,2024-12-13,9723123952,student1278@dumroo.edu,92
1279,Vivaan Bansal,Grade 9,B,Central Delhi,2024-09-07,9302120588,student1279@dumroo.edu,85
1280,Khushi Bansal,Grade 9,B,Central Delhi,2025-05-21,9166436383,student1280@dumroo.edu,89
1281,Vihaan Agarwal,Grade 9,B,North Delhi,2024-11-21,9793773681,student1281@dumroo.edu,80
1282,Vivaan Singh,Grade 9,B,West Delhi,2024-12-25,9662714327,student1282@dumroo.edu,91
1283,Khushi Gupta,Grade 9,B,East Delhi,2025-01-28,9403754671,student1283@dumroo.edu,87
1284,Pihu Agarwal,Grade 9,B,Central Delhi,2025-07-11,9947425963,student1284@dumroo.edu,95
1285,Anaya Verma,Grade 9,B,East Delhi,2025-06-19,9699108439,student1285@dumroo.edu,96
1286,Diya Kumar,Grade 9,B,East Delhi,2024-10-02,9261462131,student1286@dumroo.edu,85
1287,Aditya Saxena,Grade 9,B,South Delhi,2025-02-08,9433108786,student1287@dumroo.edu,95
1288,Diya Gupta,Grade 9,B,Central Delhi,2025-06-24,9432411019,student1288@dumroo.edu,92
1289,Diya Agarwal,Grade 9,B,South Delhi,2024-11-10,9200344359,student1289@dumroo.edu,95
1290,Pihu Mittal,Grade 9,B,East Delhi,2025-07-28,9489336282,student1290@dumroo.edu,84
1291,Reyansh Singh,Grade 9,B,East Delhi,2024-12-01,9306164050,student1291@dumroo.edu,82
1292,Arjun Gupta,Grade 9,B,North Delhi,2025-03-08,9946237594,student1292@dumroo.edu,78
1293,Riya Mittal,Grade 9,B,Central Delhi,2025-07-18,9810741110,student1293@dumroo.edu,85
1294,Khushi Gupta,Grade 9,B,Central Delhi,2025-01-26,9265627642,student1294@dumroo.edu,80
1295,Reyansh Saxena,Grade 9,B,South Delhi,2024-12-25,9146914391,student1295@dumroo.edu,88
1296,Aadhya Singh,Grade 9,B,West Delhi,2024-09-28,9405939035,student1296@dumroo.edu,98
1297,Prisha Singh,Grade 9,B,Central Delhi,2025-04-06,9432288618,student1297@dumroo.edu,90
1298,Ayaan Agarwal,Grade 9,B,Central Delhi,2024-12-24,9595725097,student1298@dumroo.edu,84
1299,Diya Mittal,Grade 9,B,Central Delhi,2025-01-04,9274008639,student1299@dumroo.edu,81
1300,Khushi Gupta,Grade 9,B,East Delhi,2025-07-11,9788460744,student1300@dumroo.edu,90
1301,Aadhya Mittal,Grade 9,B,North Delhi,2024-11-15,9233871736,student1301@dumroo.edu,84
1302,Aditya Gupta,Grade 9,B,East Delhi,2024-12-19,9651208305,student1302@dumroo.edu,79
1303,Aditya Singh,Grade 9,C,West Delhi,2025-02-09,9128636900,student1303@dumroo.edu,88
1304,Vivaan Jain,Grade 9,C,Central Delhi,2025-01-27,9353164777,student1304@dumroo.edu,87
1305,Aditya Agarwal,Grade 9,C,South Delhi,2025-07-23,9442185272,student1305@dumroo.edu,78
1306,Anaya Gupta,Grade 9,C,South Delhi,2025-07-18,9408034406,student1306@dumroo.edu,90
1307,Arjun Bansal,Grade 9,C,West Delhi,2024-09-25,9105638424,student1307@dumroo.edu,77
1308,Aarav Kumar,Grade 9,C,South Delhi,2025-05-22,9689274064,student1308@dumroo.edu,98
1309,Khushi Mittal,Grade 9,C,West Delhi,2025-06-11,9933409017,student1309@dumroo.edu,84
1310,Krishna Kumar,Grade 9,C,North Delhi,2025-07-13,9356022467,student1310@dumroo.edu,88
1311,Khushi Bansal,Grade 9,C,North Delhi,2025-06-11,9998386592,student1311@dumroo.edu,90
1312,Khushi Mittal,Grade 9,C,North Delhi,2024-09-17,9653380476,student1312@dumroo.edu,93
1313,Krishna Gupta,Grade 9,C,East Delhi,2024-12-30,9101679695,student1313@dumroo.edu,94
1314,Aadhya Singh,Grade 9,C,Central Delhi,2025-01-05,9301126777,student1314@dumroo.edu,96
1315,Aditya Mittal,Grade 9,C,East Delhi,2025-07-03,9664852025,student1315@dumroo.edu,92
1316,Riya Mittal,Grade 9,C,Central Delhi,2025-07-27,9519246503,student1316@dumroo.edu,90
1317,Vivaan Jain,Grade 9,C,East Delhi,2025-03-30,9902425085,student1317@dumroo.edu,75
1318,Aadhya Verma,Grade 9,C,East Delhi,2025-04-05,9886989426,student1318@dumroo.edu,96
1319,Vihaan Saxena,Grade 9,C,East Delhi,2025-05-30,9147605080,student1319@dumroo.edu,86
1320,Anvi Agarwal,Grade 9,C,South Delhi,2024-12-12,9846668526,student1320@dumroo.edu,90
1321,Reyansh Gupta,Grade 9,C,North Delhi,2024-12-15,9139711044,student1321@dumroo.edu,84
1322,Ayaan Sharma,Grade 9,C,South Delhi,2025-07-16,9438868427,student1322@dumroo.edu,84
1323,Riya Jain,Grade 9,C,Central Delhi,2024-12-07,9371993587,student1323@dumroo.edu,76
1324,Ayaan Kumar,Grade 9,C,East Delhi,2025-07-13,9804086195,student1324@dumroo.edu,85
1325,Ishaan Verma,Grade 9,C,East Delhi,2024-12-26,9529520110,student1325@dumroo.edu,98
1326,Prisha Jain,Grade 9,C,East Delhi,2025-05-03,9632794158,student1326@dumroo.edu,97
1327,Inaya Agarwal,Grade 9,C,Central Delhi,2025-03-23,9960226208,student1327@dumroo.edu,77
1328,Pihu Verma,Grade 9,C,West Delhi,2024-10-02,9982982227,student1328@dumroo.edu,80
1329,Anvi Kumar,Grade 9,C,East Delhi,2025-06-15,9185973340,student1329@dumroo.edu,85
1330,Shaurya Kumar,Grade 9,C,West Delhi,2024-10-02,9870584681,student1330@dumroo.edu,88
1331,Prisha Agarwal,Grade 10,A,West Delhi,2025-07-16,9880411013,student1331@dumroo.edu,86
1332,Khushi Jain,Grade 10,A,East Delhi,2024-09-13,9949842840,student1332@dumroo.edu,76
1333,Aditya Jain,Grade 10,A,East Delhi,2024-11-17,9960170255,student1333@dumroo.edu,98
1334,Reyansh Sharma,Grade 10,A,South Delhi,2024-09-29,9828092377,student1334@dumroo.edu,89
1335,Vivaan Gupta,Grade 10,A,North Delhi,2025-04-08,9935924516,student1335@dumroo.edu,95
1336,Aadhya Agarwal,Grade 10,A,West Delhi,2024-10-20,9134773472,student1336@dumroo.edu,94
1337,Arjun Bansal,Grade 10,A,East Delhi,2025-01-28,9576676179,student1337@dumroo.edu,77
1338,Kavya Gupta,Grade 10,A,Central Delhi,2025-01-31,9527385805,student1338@dumroo.edu,85
1339,Ishaan Singh,Grade 10,A,North Delhi,2025-07-24,9889924866,student1339@dumroo.edu,80
1340,Inaya Mittal,Grade 10,A,West Delhi,2024-10-23,9226444910,student1340@dumroo.edu,83
1341,Ishaan Bansal,Grade 10,A,South Delhi,2024-09-27,9406635834,student1341@dumroo.edu,97
1342,Inaya Singh,Grade 10,A,North Delhi,2025-05-29,9179512774,student1342@dumroo.edu,89
1343,Reyansh Bansal,Grade 10,A,North Delhi,2025-02-24,9817087513,student1343@dumroo.edu,86
1344,Aditya Mittal,Grade 10,A,Central Delhi,2025-03-11,9422076028,student1344@dumroo.edu,80
1345,Reyansh Agarwal,Grade 10,A,Central Delhi,2025-04-14,9230311939,student1345@dumroo.edu,81
1346,Arjun Singh,Grade 10,A,West Delhi,2025-07-24,9487509692,student1346@dumroo.edu,92
1347,Kavya Agarwal,Grade 10,A,West Delhi,2024-10-28,9239340792,student1347@dumroo.edu,94
1348,Aditya Verma,Grade 10,A,East Delhi,2025-01-15,9869801588,student1348@dumroo.edu,98
1349,Inaya Mittal,Grade 10,A,West Delhi,2025-01-09,9984053945,student1349@dumroo.edu,93
1350,Aditya Gupta,Grade 10,A,East Delhi,2024-09-12,9179634081,student1350@dumroo.edu,89
1351,Prisha Mittal,Grade 10,A,East Delhi,2025-06-02,9990189659,student1351@dumroo.edu,92
1352,Kavya Gupta,Grade 10,A,South Delhi,2024-12-28,9639945876,student1352@dumroo.edu,76
1353,Vihaan Mittal,Grade 10,A,South Delhi,2025-03-04,9276799196,student1353@dumroo.edu,80
1354,Anaya Singh,Grade 10,A,East Delhi,2024-11-14,9404994549,student1354@dumroo.edu,77
1355,Ishaan Singh,Grade 10,A,Central Delhi,2025-03-19,9234400576,student1355@dumroo.edu,95
1356,Shaurya Saxena,Grade 10,A,Central Delhi,2025-06-20,9639633807,student1356@dumroo.edu,95
1357,Kavya Saxena,Grade 10,B,South Delhi,2025-05-11,9807309035,student1357@dumroo.edu,94
1358,Khushi Agarwal,Grade 10,B,Central Delhi,2025-07-16,9986090690,student1358@dumroo.edu,75
1359,Aditya Sharma,Grade 10,B,Central Delhi,2025-03-24,9799145494,student1359@dumroo.edu,81
1360,Kavya Jain,Grade 10,B,Central Delhi,2024-09-13,9132519237,student1360@dumroo.edu,90
1361,Anvi Kumar,Grade 10,B,East Delhi,2024-12-02,9362935648,student1361@dumroo.edu,96
1362,Diya Kumar,Grade 10,B,West Delhi,2025-06-30,9839393192,student1362@dumroo.edu,76
1363,Reyansh Bansal,Grade 10,B,West Delhi,2024-12-02,9598690974,student1363@dumroo.edu,81
1364,Anaya Saxena,Grade 10,B,South Delhi,2025-02-27,9871336275,student1364@dumroo.edu,85
1365,Aadhya Jain,Grade 10,B,South Delhi,2025-01-29,9652955706,student1365@dumroo.edu,92
1366,Vihaan Agarwal,Grade 10,B,South Delhi,2024-12-11,9231556899,student1366@dumroo.edu,83
1367,Prisha Singh,Grade 10,B,South Delhi,2025-06-18,9154337019,student1367@dumroo.edu,84
1368,Diya Saxena,Grade 10,B,West Delhi,2025-04-01,9271476207,student1368@dumroo.edu,85
1369,Kavya Agarwal,Grade 10,B,South Delhi,2025-05-17,9635008544,student1369@dumroo.edu,91
1370,Prisha Bansal,Grade 10,B,East Delhi,2024-11-25,9124885365,student1370@dumroo.edu,77
1371,Diya Mittal,Grade 10,B,West Delhi,2025-04-05,9331009561,student1371@dumroo.edu,93
1372,Aadhya Sharma,Grade 10,B,North Delhi,2025-03-15,9631388604,student1372@dumroo.edu,94
1373,Inaya Kumar,Grade 10,B,Central Delhi,2025-08-02,9215424112,student1373@dumroo.edu,88
1374,Arjun Kumar,Grade 10,B,East Delhi,2025-01-12,9492922240,student1374@dumroo.edu,76
1375,Diya Sharma,Grade 10,B,Central Delhi,2024-10-23,9309009538,student1375@dumroo.edu,86
1376,Anvi Kumar,Grade 10,B,North Delhi,2025-01-21,9641440255,student1376@dumroo.edu,89
1377,Anvi Kumar,Grade 10,B,Central Delhi,2024-09-28,9227572362,student1377@dumroo.edu,79
1378,Vihaan Jain,Grade 10,B,East Delhi,2025-02-14,9698967370,student1378@dumroo.edu,86
1379,Arjun Singh,Grade 10,B,Central Delhi,2024-11-19,9530986098,student1379@dumroo.edu,91
1380,Vivaan Sharma,Grade 10,B,North Delhi,2025-05-28,9866213410,student1380@dumroo.edu,85
1381,Inaya Mittal,Grade 10,B,West Delhi,2025-05-22,9750967273,student1381@dumroo.edu,91
1382,Arjun Agarwal,Grade 10,B,Central Delhi,2025-02-24,9274485243,student1382@dumroo.edu,87
1383,Shaurya Saxena,Grade 10,C,East Delhi,2024-11-20,9989368954,student1383@dumroo.edu,91
1384,Anvi Bansal,Grade 10,C,Central Delhi,2025-03-06,9609912042,student1384@dumroo.edu,75
1385,Aadhya Agarwal,Grade 10,C,North Delhi,2025-01-05,9726745401,student1385@dumroo.edu,84
1386,Aarav Saxena,Grade 10,C,West Delhi,2025-03-24,9803935444,student1386@dumroo.edu,93
1387,Kavya Singh,Grade 10,C,North Delhi,2024-10-12,9615877957,student1387@dumroo.edu,80
1388,Riya Saxena,Grade 10,C,West Delhi,2025-05-23,9982252092,student1388@dumroo.edu,96
1389,Krishna Sharma,Grade 10,C,Central Delhi,2025-06-11,9304853117,student1389@dumroo.edu,75
1390,Prisha Agarwal,Grade 10,C,West Delhi,2025-05-21,9543412542,student1390@dumroo.edu,97
1391,Ayaan Jain,Grade 10,C,Central Delhi,2024-09-27,9606382505,student1391@dumroo.edu,98
1392,Vivaan Gupta,Grade 10,C,Central Delhi,2025-04-22,9702247585,student1392@dumroo.edu,85
1393,Inaya Mittal,Grade 10,C,West Delhi,2025-02-27,9285953213,student1393@dumroo.edu,89
1394,Anvi Agarwal,Grade 10,C,Central Delhi,2025-02-06,9825708356,student1394@dumroo.edu,98
1395,Ishaan Saxena,Grade 10,C,West Delhi,2025-04-30,9364697908,student1395@dumroo.edu,83
1396,Anvi Kumar,Grade 10,C,South Delhi,2025-03-07,9928042067,student1396@dumroo.edu,84
1397,Ayaan Bansal,Grade 10,C,East Delhi,2024-12-04,9474524558,student1397@dumroo.edu,92
1398,Ishaan Kumar,Grade 10,C,North Delhi,2024-10-17,9826517607,student1398@dumroo.edu,92
1399,Diya Jain,Grade 10,C,East Delhi,2025-05-24,9411871167,student1399@dumroo.edu,76
1400,Shaurya Verma,Grade 10,C,East Delhi,2024-12-23,9804344630,student1400@dumroo.edu,83
1401,Inaya Singh,Grade 10,C,South Delhi,2024-11-04,9391126537,student1401@dumroo.edu,92
1402,Ishaan Gupta,Grade 10,C,North Delhi,2024-09-25,9895525625,student1402@dumroo.edu,93
1403,Krishna Singh,Grade 10,C,North Delhi,2024-11-08,9342313086,student1403@dumroo.edu,95
1404,Krishna Sharma,Grade 10,C,North Delhi,2025-01-07,9454650074,student1404@dumroo.edu,97
1405,Inaya Verma,Grade 10,C,South Delhi,2025-08-04,9690936560,student1405@dumroo.edu,80
1406,Pihu Bansal,Grade 10,C,West Delhi,2024-09-07,9314164216,student1406@dumroo.edu,84
1407,Anaya Kumar,Grade 10,C,North Delhi,2025-06-22,9800400428,student1407@dumroo.edu,93
1408,Krishna Mittal,Grade 10,C,North Delhi,2025-05-09,9548700579,student1408@dumroo.edu,80
1409,Vivaan Jain,Grade 10,C,West Delhi,2025-05-03,9904236062,student1409@dumroo.edu,84
1410,Vivaan Sharma,Grade 10,C,East Delhi,2024-10-20,9747233283,student1410@dumroo.edu,78
1411,Anaya Kumar,Grade 10,C,West Delhi,2024-09-12,9683364453,student1411@dumroo.edu,91
